drebeja;2
apietush;1
zzhu;4
aaliev;4
abalazs;1
tpasqual;4
abaud;1
panoirou;4
ocimpean;3
cpodariu;1
atyrode;3
fbugara;3
aboghoss;4
mmartins;4
vchabril;0
abukhkal;4
abykov;2
rachour;2
lboisgar;3
rracasan;0
cmicalau;0
ojakab;1
tbirming;1
acohen;2
acolombe;4
acourreg;0
adarii;2
huweber;3
adarii;3
lmazzi;0
hbouchet;0
husbordo;4
anafea-;1
ojakab;1
adia;2
dnoveanu;0
abaud;1
zzhu;0
agarcia-;0
agaudry;0
fmaillet;2
aghanava;2
aglibici;0
agolban;0
ederbano;4
agrau;1
fdidelot;0
ahadjer;1
mkrutik;3
abukhkal;3
ajavgure;0
abaud;2
ajouanna;2
ajuhasz;2
yskrypny;3
akebbour;2
alevitan;4
akryvenk;1
mowen;2
mwilhelm;0
rcebotar;4
gudemare;4
alevitan;0
mowen;0
pschimba;0
alngo;1
eignatye;2
owang;0
dhudema;0
amarchet;2
sbalan;2
ojakab;2
jgerard;3
vdemeshk;3
fthibaud;1
dcorreia;0
amoiseen;1
tgallon;1
anafea-;1
erivera-;1
cipmures;3
andelrie;3
gmichaud;3
aridolfi;2
gachatea;1
mmitriuc;4
aonishch;3
acohen;2
apalanic;3
lperret;3
apyvovar;0
aperrin;4
apeyrigu;4
apietush;3
pkuyda;4
apissier;2
apoisson;3
omadon;4
odiachen;4
apyvovar;4
araichyn;1
ajouanna;4
aridolfi;1
mpierrel;2
arlecomt;2
ergarcia;4
sprosian;4
asalles-;4
adarii;3
ashcherb;0
abukhkal;3
sprosian;1
astepovy;4
wlamouro;2
atigau-a;1
atimar;3
atoderas;3
avasiu;1
momartin;1
bpralea;4
atyrode;4
ewallner;2
avasiu;1
avaysse;2
husbordo;0
dgareche;2
mmobioh;0
bazria;2
bbaraill;0
bbeldame;4
asalles-;2
wlamouro;1
yribeiro;3
avaysse;2
yboulemi;3
adia;4
nchalot;1
bgolovko;0
vpylypen;0
rachiore;1
bmoiroud;0
bpralea;4
bprykhod;3
brheaulm;2
brlucas;0
dkudria;4
btkachen;4
maleroy;3
gbile;0
caschile;3
jpastel;0
tgrange;0
cbegne;2
crpop;1
spillon;4
cbodoque;0
cboiron;2
cpupeza;1
atoderas;2
gcollett;0
rmusella;3
rtiperci;1
wagailey;0
dbeltran;0
vcumpana;3
jechreti;0
cde-neef;4
jgaillar;4
emrobert;3
atigau-a;4
cipmures;1
avasiu;2
mkeita;0
cprudhom;4
clangend;3
clanier;3
atigau-a;2
panoirou;0
cmicalau;0
hdrumus;3
vcombey;3
jtonon;0
ngonzale;0
xmillero;3
rthys;2
apeyrigu;0
cpodariu;0
cprudhom;4
cpupeza;3
cpupeza;4
crpop;2
cruiz;1
cpodariu;4
llefevre;1
fvicente;3
nsalak;1
dbeltran;2
vvereta;0
crpop;1
odiachen;0
caschile;1
dcaraus;4
abykov;4
tgarbin;4
dcorreia;1
abalazs;4
dgareche;2
dhudema;1
skrishto;4
krozbeyk;4
dkudria;1
falize;0
gbile;3
apietush;1
drebeja;0
dnoveanu;0
mgolban;0
dnoveanu;1
drenkas;2
drebeja;0
drenkas;0
rfilip;4
agolban;3
dstratil;3
vpylypen;1
rvolovik;2
dturki;3
oshudria;2
epillot;3
aonishch;1
vstepano;1
dzui;3
phlodec;1
ealrick;3
vchabril;4
rcebotar;4
ederbano;3
clangend;1
jwalsh;3
edhommee;2
oshudria;4
efedorov;0
spianykh;2
cde-neef;1
cbegne;2
spillon;0
bbaraill;4
ykoshchu;1
eignatye;4
emandret;4
vstepano;4
emrobert;4
eneto;0
epillot;1
gsotty;3
ergarcia;2
cruiz;1
erivera-;3
aaliev;2
gchmargo;1
jpastel;3
evlad;3
epillot;2
ewallner;4
falize;0
bmoiroud;4
fbessigu;1
fboularo;3
fbugara;1
fchantha;0
rmusella;1
fdidelot;2
fdupeyro;1
dcaraus;2
sgauguet;3
fgotta;2
flelin;2
fmaillet;0
cde-neef;3
xmillero;4
apeyrigu;0
fpipart;0
flelin;4
fthibaud;3
aboghoss;1
tcotelea;3
fvicente;4
gachatea;4
gbile;1
gchmargo;3
gcollett;2
ocimpean;0
gdalmass;4
aridolfi;4
jucoppa;4
apissier;2
apoisson;4
vbaptist;1
tgarbin;3
phlodec;1
gmichaud;0
hbouchet;4
dgareche;0
mmartins;1
gpurci;2
mpaju;3
tgrange;0
apyvovar;2
gsotty;1
gtomache;1
gudemare;1
evlad;2
hbouchet;4
aaliev;2
evlad;0
hcolas;4
hdecaux;2
wagailey;3
andelrie;2
hdrumus;2
ngonzale;1
mallard;4
hshakula;0
husbordo;0
huweber;1
amoiseen;1
mgolban;0
ajuhasz;4
iburel;3
tcotelea;3
aglibici;1
aboghoss;0
sbalan;3
bgolovko;0
mmobioh;4
jberthie;2
ipercic;3
ikacumi;4
lfedorko;2
lfedorko;4
araichyn;0
ilykhach;2
mpaziuk;0
trichert;2
ajavgure;3
dcaraus;4
ipercic;3
spianykh;3
vitskovy;1
dzui;1
vvereta;0
agolban;3
ochayche;4
jwingert;3
brlucas;2
yhaddar;1
rde-mato;1
jberthie;0
jbontemp;4
ybecret;2
kbreton;0
nthach;2
srice;3
jechreti;2
hcolas;0
mallard;3
gachatea;0
arlecomt;1
jechreti;0
jlobjois;1
mechard;2
jfrancoi;1
jgaillar;0
jgayrard;4
jgerard;2
fbessigu;3
ychena;0
gdalmass;2
jtonon;0
gdalmass;2
nthach;2
lbenamer;4
emandret;4
jlobjois;2
pdonnadi;4
aperrin;3
ysan-seb;3
cboiron;1
lcharbon;2
andelrie;2
huweber;1
mpaul;3
aperrin;2
fchantha;3
jpastel;3
qtrinh;2
apissier;3
falize;1
jtonon;4
jucoppa;3
gmichaud;0
vbaptist;4
fchantha;2
jwalsh;1
jwingert;4
hdecaux;3
jzamoto;3
mlys;0
kbovt;2
kbreton;2
ocojeda-;1
clangend;0
tbenetre;3
dbeltran;0
mkada;2
vitskovy;3
mlys;1
hdecaux;4
psuciu;2
krozbeyk;0
yhaddar;0
voliynik;1
kyaremen;3
lagirard;4
clanier;4
maleroy;3
lbenamer;3
lboisgar;3
lcharbon;4
sprochet;0
jbontemp;3
ewallner;2
gcollett;1
lgraham;3
jwingert;4
vcombey;4
lfedorko;1
dturki;2
agrau;0
lgraham;0
kbreton;2
lhermann;2
aonishch;1
jbontemp;2
cbegne;2
llefevre;0
llescoff;4
amarchet;4
rzidi;2
lmazzi;0
iburel;4
bbaraill;2
lperret;3
sbogdan;0
erivera-;0
yribeiro;2
vcumpana;0
lsacacol;4
avaysse;2
lybounni;3
fboularo;4
majulien;4
maleroy;1
gsotty;4
mallard;4
akebbour;4
acourreg;0
jgerard;4
alngo;1
agaudry;3
emandret;0
ajouanna;3
btkachen;4
lboisgar;3
opimenov;4
jfrancoi;2
rachour;2
agaudry;1
omadon;1
tbraun;4
fpipart;4
araichyn;4
hcolas;1
mechard;2
lcharbon;0
anafea-;0
qselle;4
qtrinh;1
radler;0
mpaju;1
gchmargo;3
mgolban;4
cipmures;1
cmicalau;3
mwilhelm;4
lagirard;3
mhlukhov;1
agarcia-;4
mkada;3
mkeita;3
bazria;1
psebasti;0
mkrutik;3
fgotta;4
ikacumi;1
cprudhom;3
cruiz;3
tcotelea;3
ahadjer;4
mlys;1
gpurci;1
mmartins;0
asalles-;3
ergarcia;1
mmitriuc;4
mmobioh;2
jzamoto;3
ymai-van;2
atimar;2
momartin;2
mowen;0
mpaju;4
mpaul;1
mpaziuk;3
mpierrel;1
rde-mato;1
akryvenk;0
bgolovko;1
dturki;4
osherbin;0
dstratil;0
kyaremen;4
flelin;2
ahadjer;2
acourreg;2
atyrode;1
jzamoto;0
jberthie;3
edhommee;1
rvolovik;1
brheaulm;4
astepovy;0
mwilhelm;2
aghanava;3
acolombe;2
qbuxman;2
lybounni;0
nchalot;0
dstratil;1
apalanic;3
nel-arie;4
ngonzale;3
efedorov;0
lsacacol;1
brlucas;0
aglibici;0
zparient;3
nkorchi;3
ealrick;3
kbovt;2
nmazella;0
lagirard;3
nsalak;2
atimar;0
emrobert;3
nsayah;2
mkrutik;2
adarii;1
nthach;3
fdupeyro;1
oamraoui;0
jwalsh;3
ochayche;3
ocimpean;1
ocojeda-;2
odiachen;4
sprochet;4
vgallois;2
tpasqual;4
vkaminsk;2
ojakab;0
astepovy;3
dkudria;1
mhlukhov;2
omadon;1
kbovt;2
abalazs;0
mpaziuk;3
mmitriuc;4
ysan-seb;2
opimenov;1
ashcherb;4
fdidelot;1
gtomache;1
pkuyda;3
trichert;0
osherbin;2
oshudria;0
hshakula;4
btkachen;4
owang;3
pamicel;4
panguyen;0
panoirou;1
ikacumi;2
nsayah;0
tbenetre;1
bbeldame;3
pdonnadi;0
alngo;4
mechard;2
iburel;4
nel-arie;4
nsayah;2
pdonnadi;3
pschimba;1
llescoff;1
phlodec;1
jlobjois;1
pkostiuk;1
pkuyda;0
mhlukhov;0
fpipart;0
fvicente;2
tpoujet;4
lbenamer;0
lybounni;0
ocojeda-;3
majulien;4
srice;3
pschimba;3
psebasti;1
akebbour;1
apoisson;1
ipercic;0
psuciu;0
pamicel;3
qbuxman;4
qbuxman;2
mpierrel;0
qselle;4
qtrinh;3
vifracas;0
rachiore;4
rachour;4
radler;3
mkada;4
ajuhasz;4
rcebotar;4
nkorchi;1
bazria;3
gtomache;1
llefevre;1
cbodoque;1
rde-dieu;1
rde-mato;4
oamraoui;2
oamraoui;2
rel-guer;4
arlecomt;0
rfaia;4
rfilip;2
eneto;2
mpaul;2
skrishto;1
rzidi;0
rde-dieu;3
vpopovyc;2
agrau;0
bmoiroud;2
rmusella;1
fmaillet;3
atigau-a;2
araichyn;4
rracasan;2
lgraham;4
rfilip;2
atoderas;0
voliynik;3
rthys;0
rtiperci;3
rvolovik;1
rfaia;2
ederbano;1
rzidi;4
hdrumus;0
gudemare;0
jgayrard;2
radler;2
krozbeyk;4
cbodoque;1
sbalan;3
lperret;3
dzui;3
sbogdan;2
drenkas;4
vkaminsk;1
rachiore;3
psebasti;0
svannest;0
aghanava;3
psuciu;4
lmazzi;3
tbraun;0
ybecret;4
vpopovyc;2
sgauguet;1
llescoff;3
fbugara;4
ilykhach;2
bprykhod;3
zparient;4
skrishto;0
edhommee;3
fboularo;3
kyaremen;1
tpoujet;0
fdupeyro;0
ilykhach;0
panguyen;2
acohen;0
spianykh;3
spillon;3
owang;3
sprochet;1
sprosian;0
ajavgure;0
srice;2
apalanic;4
rtiperci;2
jucoppa;3
sbogdan;0
svannest;2
bbeldame;2
gpurci;3
majulien;0
adia;4
nmazella;3
tbenetre;4
tbirming;3
sgauguet;3
tbraun;4
tcotelea;1
svannest;2
clanier;4
fthibaud;2
nkorchi;4
nchalot;4
jfrancoi;2
ychena;1
tgarbin;0
vifracas;0
pamicel;0
tgrange;3
agarcia-;0
fgotta;3
jgaillar;1
rthys;2
vgallois;2
caschile;2
rel-guer;0
jgayrard;3
rracasan;3
tpasqual;2
momartin;3
tpoujet;1
trichert;3
cboiron;0
qselle;4
ealrick;2
alevitan;4
vbaptist;4
rel-guer;4
vchabril;1
amarchet;3
dhudema;4
vcombey;3
vcumpana;4
ymai-van;0
vdemeshk;4
opimenov;3
rfaia;4
vgallois;4
vifracas;2
akryvenk;1
eignatye;1
vitskovy;4
opimenov;0
vkaminsk;0
eneto;4
panguyen;4
rde-dieu;0
lsacacol;1
bpralea;1
voliynik;3
yskrypny;4
tbirming;3
